,id,alias,name,image_url,is_closed,url,review_count,categories,rating,coordinates,transactions,price,location,phone,display_phone,distance
0,jWTRQxyUqZEp7oc7D0JIDg,izakaya-ajimi-brooklyn,Izakaya Ajimi,https://s3-media3.fl.yelpcdn.com/bphoto/5KSbH9ytP0Glu-hmXnXPYw/o.jpg,False,https://www.yelp.com/biz/izakaya-ajimi-brooklyn?adjust_creative=9BAjizMPYaYyhAnCCDAymA&utm_campaign=yelp_api_v3&utm_medium=api_v3_business_search&utm_source=9BAjizMPYaYyhAnCCDAymA,113,"[{'alias': 'izakaya', 'title': 'Izakaya'}, {'alias': 'ramen', 'title': 'Ramen'}]",4.5,"{'latitude': 40.6078260407584, 'longitude': -74.00217161294212}",[],$$,"{'address1': '8500 18th Ave', 'address2': '', 'address3': None, 'city': 'Brooklyn', 'zip_code': '11214', 'country': 'US', 'state': 'NY', 'display_address': ['8500 18th Ave', 'Brooklyn, NY 11214']}",,,11194.333139098599
1,Q5O4qFpmPQgBN6ZaHdQcZA,kyuramen-columbia-university-new-york,Kyuramen - Columbia University,https://s3-media1.fl.yelpcdn.com/bphoto/mjbQN-gtwqcCP2V4mUrW-g/o.jpg,False,https://www.yelp.com/biz/kyuramen-columbia-university-new-york?adjust_creative=9BAjizMPYaYyhAnCCDAymA&utm_campaign=yelp_api_v3&utm_medium=api_v3_business_search&utm_source=9BAjizMPYaYyhAnCCDAymA,62,"[{'alias': 'ramen', 'title': 'Ramen'}]",4.5,"{'latitude': 40.8027, 'longitude': -73.96809}","['pickup', 'delivery']",$$,"{'address1': '2787 Broadway', 'address2': None, 'address3': None, 'city': 'New York', 'zip_code': '10026', 'country': 'US', 'state': 'NY', 'display_address': ['2787 Broadway', 'New York, NY 10026']}",+19172658722,(917) 265-8722,10687.925125298922
2,n1xpGOPa7XRq4or7QLjzHw,dokodemo-new-york,DokoDemo,https://s3-media3.fl.yelpcdn.com/bphoto/TfxdAKRmVw__xFwDUjigqA/o.jpg,False,https://www.yelp.com/biz/dokodemo-new-york?adjust_creative=9BAjizMPYaYyhAnCCDAymA&utm_campaign=yelp_api_v3&utm_medium=api_v3_business_search&utm_source=9BAjizMPYaYyhAnCCDAymA,382,"[{'alias': 'teppanyaki', 'title': 'Teppanyaki'}, {'alias': 'ramen', 'title': 'Ramen'}, {'alias': 'hotdogs', 'title': 'Fast Food'}]",4.5,"{'latitude': 40.72638, 'longitude': -73.98964}","['pickup', 'delivery']",$,"{'address1': '89 E 4th St', 'address2': None, 'address3': '', 'city': 'New York', 'zip_code': '10003', 'country': 'US', 'state': 'NY', 'display_address': ['89 E 4th St', 'New York, NY 10003']}",+19172615228,(917) 261-5228,2333.602379660555
3,Cg5kGSXIelsKX9eqlHr31A,kyuramen-union-square-new-york,Kyuramen - Union Square,https://s3-media1.fl.yelpcdn.com/bphoto/iTau766v_gilH7O7L_gPRQ/o.jpg,False,https://www.yelp.com/biz/kyuramen-union-square-new-york?adjust_creative=9BAjizMPYaYyhAnCCDAymA&utm_campaign=yelp_api_v3&utm_medium=api_v3_business_search&utm_source=9BAjizMPYaYyhAnCCDAymA,561,"[{'alias': 'ramen', 'title': 'Ramen'}, {'alias': 'japacurry', 'title': 'Japanese Curry'}]",4.5,"{'latitude': 40.73310125993799, 'longitude': -73.9866958494115}","['restaurant_reservation', 'delivery']",$$,"{'address1': '210 E 14th St', 'address2': '', 'address3': None, 'city': 'New York', 'zip_code': '10003', 'country': 'US', 'state': 'NY', 'display_address': ['210 E 14th St', 'New York, NY 10003']}",+16466924120,(646) 692-4120,2972.93244753479
4,7OMGEtFWT6sdd9TVuoGqJQ,okonomi-brooklyn,Okonomi,https://s3-media2.fl.yelpcdn.com/bphoto/AA9rsmxAa6hZcTCVZnxaUw/o.jpg,False,https://www.yelp.com/biz/okonomi-brooklyn?adjust_creative=9BAjizMPYaYyhAnCCDAymA&utm_campaign=yelp_api_v3&utm_medium=api_v3_business_search&utm_source=9BAjizMPYaYyhAnCCDAymA,512,"[{'alias': 'japanese', 'title': 'Japanese'}, {'alias': 'seafood', 'title': 'Seafood'}]",4.5,"{'latitude': 40.712622, 'longitude': -73.9487843}","['pickup', 'delivery']",$$,"{'address1': '150 Ainslie St', 'address2': '', 'address3': '', 'city': 'Brooklyn', 'zip_code': '11211', 'country': 'US', 'state': 'NY', 'display_address': ['150 Ainslie St', 'Brooklyn, NY 11211']}",+19292950480,(929) 295-0480,2638.3266052173485
5,i8h1ghJN7NdZmvIE3T6-yg,kyuramen-long-island-city-long-island-city,Kyuramen - Long Island City,https://s3-media3.fl.yelpcdn.com/bphoto/qtjTY8pwv49wi5O1jCLqQw/o.jpg,False,https://www.yelp.com/biz/kyuramen-long-island-city-long-island-city?adjust_creative=9BAjizMPYaYyhAnCCDAymA&utm_campaign=yelp_api_v3&utm_medium=api_v3_business_search&utm_source=9BAjizMPYaYyhAnCCDAymA,146,"[{'alias': 'ramen', 'title': 'Ramen'}, {'alias': 'japacurry', 'title': 'Japanese Curry'}, {'alias': 'burgers', 'title': 'Burgers'}]",4.5,"{'latitude': 40.7494198, 'longitude': -73.9402295}","['restaurant_reservation', 'pickup', 'delivery']",$$,"{'address1': '27-17 42nd Rd', 'address2': '', 'address3': None, 'city': 'Long Island City', 'zip_code': '11101', 'country': 'US', 'state': 'NY', 'display_address': ['27-17 42nd Rd', 'Long Island City, NY 11101']}",+17187866918,(718) 786-6918,5748.874825767797
6,gbj8XtadaqoKXgiawaUjdw,pasta-ramen-montclair,Pasta Ramen,https://s3-media1.fl.yelpcdn.com/bphoto/RmwzcUxrfQm-Mbr2QNgabA/o.jpg,False,https://www.yelp.com/biz/pasta-ramen-montclair?adjust_creative=9BAjizMPYaYyhAnCCDAymA&utm_campaign=yelp_api_v3&utm_medium=api_v3_business_search&utm_source=9BAjizMPYaYyhAnCCDAymA,73,"[{'alias': 'italian', 'title': 'Italian'}, {'alias': 'ramen', 'title': 'Ramen'}]",4.5,"{'latitude': 40.8135267, 'longitude': -74.217865}",[],,"{'address1': '6 S Fullerton Ave', 'address2': None, 'address3': None, 'city': 'Montclair', 'zip_code': '07042', 'country': 'US', 'state': 'NJ', 'display_address': ['6 S Fullerton Ave', 'Montclair, NJ 07042']}",+19733376956,(973) 337-6956,23334.035073410378
7,AsCEdN4DlJsfIvA3H_jrAw,tenho-ramen-new-york-4,Tenho Ramen,https://s3-media3.fl.yelpcdn.com/bphoto/prHo77sGaiNBcJSk6Q27ZQ/o.jpg,False,https://www.yelp.com/biz/tenho-ramen-new-york-4?adjust_creative=9BAjizMPYaYyhAnCCDAymA&utm_campaign=yelp_api_v3&utm_medium=api_v3_business_search&utm_source=9BAjizMPYaYyhAnCCDAymA,187,"[{'alias': 'ramen', 'title': 'Ramen'}, {'alias': 'cocktailbars', 'title': 'Cocktail Bars'}]",4.5,"{'latitude': 40.74717, 'longitude': -73.97728}","['pickup', 'delivery']",$$,"{'address1': '542 3rd Ave', 'address2': '', 'address3': None, 'city': 'New York', 'zip_code': '10016', 'country': 'US', 'state': 'NY', 'display_address': ['542 3rd Ave', 'New York, NY 10016']}",+16467819025,(646) 781-9025,4472.061849881275
8,gPdLcLmIFGsztd3TuuMTNQ,tamashii-gold-queens,Tamashii Gold,https://s3-media2.fl.yelpcdn.com/bphoto/hD8v6dm_JmGDo4T24Cn_KQ/o.jpg,False,https://www.yelp.com/biz/tamashii-gold-queens?adjust_creative=9BAjizMPYaYyhAnCCDAymA&utm_campaign=yelp_api_v3&utm_medium=api_v3_business_search&utm_source=9BAjizMPYaYyhAnCCDAymA,109,"[{'alias': 'ramen', 'title': 'Ramen'}]",4.0,"{'latitude': 40.7640128, 'longitude': -73.7709259}","['pickup', 'delivery']",$$,"{'address1': '40-9 Bell Blvd', 'address2': None, 'address3': '', 'city': 'Queens', 'zip_code': '11361', 'country': 'US', 'state': 'NY', 'display_address': ['40-9 Bell Blvd', 'Queens, NY 11361']}",+15182673787,(518) 267-3787,18658.08820687662
9,L3reOLLPez7lnOhyfCpvkg,shinka-ramen-and-sake-bar-new-york-3,Shinka Ramen & Sake Bar,https://s3-media2.fl.yelpcdn.com/bphoto/Fd0aINDXZ6PSh1eGNyifiQ/o.jpg,False,https://www.yelp.com/biz/shinka-ramen-and-sake-bar-new-york-3?adjust_creative=9BAjizMPYaYyhAnCCDAymA&utm_campaign=yelp_api_v3&utm_medium=api_v3_business_search&utm_source=9BAjizMPYaYyhAnCCDAymA,431,"[{'alias': 'ramen', 'title': 'Ramen'}, {'alias': 'noodles', 'title': 'Noodles'}, {'alias': 'cocktailbars', 'title': 'Cocktail Bars'}]",4.0,"{'latitude': 40.7170795322745, 'longitude': -73.9952574670315}","['pickup', 'delivery']",$$,"{'address1': '93 Bowery St', 'address2': '', 'address3': None, 'city': 'New York', 'zip_code': '10002', 'country': 'US', 'state': 'NY', 'display_address': ['93 Bowery St', 'New York, NY 10002']}",+12123438111,(212) 343-8111,1759.6640687947345
10,fmBlWFGahCxfOKLJ_2Xh5Q,kailani-shave-ice-new-milford,Kailani Shave Ice,https://s3-media2.fl.yelpcdn.com/bphoto/qA6lXJb6YpKbqfFz-S17-A/o.jpg,False,https://www.yelp.com/biz/kailani-shave-ice-new-milford?adjust_creative=9BAjizMPYaYyhAnCCDAymA&utm_campaign=yelp_api_v3&utm_medium=api_v3_business_search&utm_source=9BAjizMPYaYyhAnCCDAymA,14,"[{'alias': 'ramen', 'title': 'Ramen'}, {'alias': 'shavedice', 'title': 'Shaved Ice'}, {'alias': 'icecream', 'title': 'Ice Cream & Frozen Yogurt'}]",5.0,"{'latitude': 40.92678918496239, 'longitude': -74.0264409}","['pickup', 'delivery']",,"{'address1': '840 River Rd', 'address2': '', 'address3': None, 'city': 'New Milford', 'zip_code': '07646', 'country': 'US', 'state': 'NJ', 'display_address': ['840 River Rd', 'New Milford, NJ 07646']}",+12014029600,(201) 402-9600,24763.257397396643
11,XEDHk0k4kR625RHS-E4rnw,cha-menya-douglaston-2,Cha Menya,https://s3-media2.fl.yelpcdn.com/bphoto/gEoe0J1KWZ8WRyCMADP4pw/o.jpg,False,https://www.yelp.com/biz/cha-menya-douglaston-2?adjust_creative=9BAjizMPYaYyhAnCCDAymA&utm_campaign=yelp_api_v3&utm_medium=api_v3_business_search&utm_source=9BAjizMPYaYyhAnCCDAymA,121,"[{'alias': 'ramen', 'title': 'Ramen'}]",4.5,"{'latitude': 40.76925, 'longitude': -73.73644}","['pickup', 'delivery']",$$,"{'address1': '251-20 Northern Blvd', 'address2': '', 'address3': None, 'city': 'Douglaston', 'zip_code': '11362', 'country': 'US', 'state': 'NY', 'display_address': ['251-20 Northern Blvd', 'Douglaston, NY 11362']}",+13472354775,(347) 235-4775,21592.3783451786
12,v8y7NLCC25KY_lSbcs3UPA,maison-kintaro-new-york-2,Maison Kintaro,https://s3-media1.fl.yelpcdn.com/bphoto/RZEvRaQYDNcPjCTKM_E0tg/o.jpg,False,https://www.yelp.com/biz/maison-kintaro-new-york-2?adjust_creative=9BAjizMPYaYyhAnCCDAymA&utm_campaign=yelp_api_v3&utm_medium=api_v3_business_search&utm_source=9BAjizMPYaYyhAnCCDAymA,46,"[{'alias': 'japanese', 'title': 'Japanese'}]",4.5,"{'latitude': 40.747442163550275, 'longitude': -74.00123431589748}","['pickup', 'delivery']",,"{'address1': '401 W 24th St', 'address2': None, 'address3': None, 'city': 'New York', 'zip_code': '10011', 'country': 'US', 'state': 'NY', 'display_address': ['401 W 24th St', 'New York, NY 10011']}",+13152304533,(315) 230-4533,4867.905808480084
13,fmf27DIVDUOZSi15gmdR-g,toribro-ramen-new-york,Toribro Ramen,https://s3-media2.fl.yelpcdn.com/bphoto/8J1-cgQq86Sg0rGQwM5p3g/o.jpg,False,https://www.yelp.com/biz/toribro-ramen-new-york?adjust_creative=9BAjizMPYaYyhAnCCDAymA&utm_campaign=yelp_api_v3&utm_medium=api_v3_business_search&utm_source=9BAjizMPYaYyhAnCCDAymA,100,"[{'alias': 'ramen', 'title': 'Ramen'}]",4.5,"{'latitude': 40.7644627406818, 'longitude': -73.9875809848309}","['pickup', 'delivery']",$$,"{'address1': '366 W 52nd St', 'address2': '', 'address3': None, 'city': 'New York', 'zip_code': '10019', 'country': 'US', 'state': 'NY', 'display_address': ['366 W 52nd St', 'New York, NY 10019']}",+16469645863,(646) 964-5863,6431.043200797446
14,_ZeE-nXZqkhXUkLSyxFpEw,kinya-ramen-sushi-bar-west-orange,Kinya Ramen Sushi Bar,https://s3-media1.fl.yelpcdn.com/bphoto/dVFOQGrQC-HgtOkUN01fxw/o.jpg,False,https://www.yelp.com/biz/kinya-ramen-sushi-bar-west-orange?adjust_creative=9BAjizMPYaYyhAnCCDAymA&utm_campaign=yelp_api_v3&utm_medium=api_v3_business_search&utm_source=9BAjizMPYaYyhAnCCDAymA,160,"[{'alias': 'sushi', 'title': 'Sushi Bars'}, {'alias': 'ramen', 'title': 'Ramen'}]",4.5,"{'latitude': 40.79357750278435, 'longitude': -74.25670919037611}","['pickup', 'delivery']",$$,"{'address1': '495 Prospect Ave', 'address2': 'Ste 20', 'address3': None, 'city': 'West Orange', 'zip_code': '07052', 'country': 'US', 'state': 'NJ', 'display_address': ['495 Prospect Ave', 'Ste 20', 'West Orange, NJ 07052']}",+18625201616,(862) 520-1616,25283.166377655252
15,O7b3WKYglyu_3lYxN7GXRQ,fukurou-brooklyn-new-york-2,Fukurou Brooklyn,https://s3-media4.fl.yelpcdn.com/bphoto/jOI1Wv_lDq9Xmr8gOQ-M7A/o.jpg,False,https://www.yelp.com/biz/fukurou-brooklyn-new-york-2?adjust_creative=9BAjizMPYaYyhAnCCDAymA&utm_campaign=yelp_api_v3&utm_medium=api_v3_business_search&utm_source=9BAjizMPYaYyhAnCCDAymA,36,"[{'alias': 'ramen', 'title': 'Ramen'}]",4.5,"{'latitude': 40.70154, 'longitude': -73.92694}","['pickup', 'delivery']",,"{'address1': '105 Wilson Ave', 'address2': None, 'address3': '', 'city': 'New York', 'zip_code': '11237', 'country': 'US', 'state': 'NY', 'display_address': ['105 Wilson Ave', 'New York, NY 11237']}",+13472401637,(347) 240-1637,4449.987397019463
16,wn2hypGElZVfuKr6fkZh0A,ni-ramen-lynbrook,Ni Ramen,https://s3-media4.fl.yelpcdn.com/bphoto/7jDmAYUh62NQVb6fsJBtXw/o.jpg,False,https://www.yelp.com/biz/ni-ramen-lynbrook?adjust_creative=9BAjizMPYaYyhAnCCDAymA&utm_campaign=yelp_api_v3&utm_medium=api_v3_business_search&utm_source=9BAjizMPYaYyhAnCCDAymA,70,"[{'alias': 'ramen', 'title': 'Ramen'}, {'alias': 'soup', 'title': 'Soup'}, {'alias': 'tapasmallplates', 'title': 'Tapas/Small Plates'}]",4.5,"{'latitude': 40.65683, 'longitude': -73.67183}","['pickup', 'delivery']",$$,"{'address1': '2 Broadway', 'address2': None, 'address3': '', 'city': 'Lynbrook', 'zip_code': '11563', 'country': 'US', 'state': 'NY', 'display_address': ['2 Broadway', 'Lynbrook, NY 11563']}",+15168128833,(516) 812-8833,26512.988568402594
17,ubCFsHLAG_xZupEbCny7vA,beat-mazesoba-queens-2,Beat Mazesoba,https://s3-media1.fl.yelpcdn.com/bphoto/Q5gSbrk3NcJLcTTqenfRzQ/o.jpg,False,https://www.yelp.com/biz/beat-mazesoba-queens-2?adjust_creative=9BAjizMPYaYyhAnCCDAymA&utm_campaign=yelp_api_v3&utm_medium=api_v3_business_search&utm_source=9BAjizMPYaYyhAnCCDAymA,343,"[{'alias': 'ramen', 'title': 'Ramen'}, {'alias': 'noodles', 'title': 'Noodles'}, {'alias': 'beerbar', 'title': 'Beer Bar'}]",4.5,"{'latitude': 40.76263, 'longitude': -73.80405}","['pickup', 'delivery']",$$,"{'address1': '161-23 Crocheron Ave', 'address2': None, 'address3': '', 'city': 'Queens', 'zip_code': '11358', 'country': 'US', 'state': 'NY', 'display_address': ['161-23 Crocheron Ave', 'Queens, NY 11358']}",+17187990251,(718) 799-0251,16001.4768679081
18,XOUhjDQ4nRn8-u-79MHFww,kohoku-ku-ramen-new-york-2,Kohoku-Ku Ramen,https://s3-media3.fl.yelpcdn.com/bphoto/qF5VXpHBTb_4jFQ2Wl3o-Q/o.jpg,False,https://www.yelp.com/biz/kohoku-ku-ramen-new-york-2?adjust_creative=9BAjizMPYaYyhAnCCDAymA&utm_campaign=yelp_api_v3&utm_medium=api_v3_business_search&utm_source=9BAjizMPYaYyhAnCCDAymA,213,"[{'alias': 'ramen', 'title': 'Ramen'}]",4.5,"{'latitude': 40.76265, 'longitude': -73.9899}","['pickup', 'delivery']",$$,"{'address1': '709 9th Ave', 'address2': None, 'address3': '', 'city': 'New York', 'zip_code': '10019', 'country': 'US', 'state': 'NY', 'display_address': ['709 9th Ave', 'New York, NY 10019']}",+16464787886,(646) 478-7886,6260.710760332689
19,rWoxkBQ1HUEG0Wkl0m-0oQ,kiko-ramen-garden-city-south,kiko Ramen,https://s3-media2.fl.yelpcdn.com/bphoto/Ddr8mqbBbusYHftGQbnf5g/o.jpg,False,https://www.yelp.com/biz/kiko-ramen-garden-city-south?adjust_creative=9BAjizMPYaYyhAnCCDAymA&utm_campaign=yelp_api_v3&utm_medium=api_v3_business_search&utm_source=9BAjizMPYaYyhAnCCDAymA,149,"[{'alias': 'ramen', 'title': 'Ramen'}]",4.5,"{'latitude': 40.71661, 'longitude': -73.661247}","['pickup', 'delivery']",$$,"{'address1': '361 Nassau Blvd', 'address2': None, 'address3': '', 'city': 'Garden City South', 'zip_code': '11530', 'country': 'US', 'state': 'NY', 'display_address': ['361 Nassau Blvd', 'Garden City South, NY 11530']}",+15163079211,(516) 307-9211,26824.402769950648
20,jpUSESI6aJs0nYixt87QEA,bedford-gardens-restaurant-brooklyn-2,Bedford Gardens Restaurant ,https://s3-media2.fl.yelpcdn.com/bphoto/z1aAset-FDhsppfBFB5E0A/o.jpg,False,https://www.yelp.com/biz/bedford-gardens-restaurant-brooklyn-2?adjust_creative=9BAjizMPYaYyhAnCCDAymA&utm_campaign=yelp_api_v3&utm_medium=api_v3_business_search&utm_source=9BAjizMPYaYyhAnCCDAymA,43,"[{'alias': 'sushi', 'title': 'Sushi Bars'}, {'alias': 'vietnamese', 'title': 'Vietnamese'}, {'alias': 'ramen', 'title': 'Ramen'}]",4.5,"{'latitude': 40.71859823882674, 'longitude': -73.95708234467799}","['pickup', 'delivery']",$$,"{'address1': '172 Bedford Ave', 'address2': None, 'address3': '', 'city': 'Brooklyn', 'zip_code': '11249', 'country': 'US', 'state': 'NY', 'display_address': ['172 Bedford Ave', 'Brooklyn, NY 11249']}",+13478449008,(347) 844-9008,2267.3100159586484
21,lN5tiN-4eBNeh8F0zcI6Hw,fuyu-ramen-sunnyside-2,Fuyu Ramen,https://s3-media1.fl.yelpcdn.com/bphoto/CZVUqtXiGTp-EnHKNp1hZA/o.jpg,False,https://www.yelp.com/biz/fuyu-ramen-sunnyside-2?adjust_creative=9BAjizMPYaYyhAnCCDAymA&utm_campaign=yelp_api_v3&utm_medium=api_v3_business_search&utm_source=9BAjizMPYaYyhAnCCDAymA,205,"[{'alias': 'poke', 'title': 'Poke'}, {'alias': 'ramen', 'title': 'Ramen'}]",4.5,"{'latitude': 40.7434146, 'longitude': -73.9182384}","['pickup', 'delivery']",$$,"{'address1': '4617 Queens Blvd', 'address2': '', 'address3': None, 'city': 'Sunnyside', 'zip_code': '11104', 'country': 'US', 'state': 'NY', 'display_address': ['4617 Queens Blvd', 'Sunnyside, NY 11104']}",+17187862200,(718) 786-2200,6553.478868667188
22,00knD0qT1obuq3cJ-lWcIw,shinjuku-ramen-new-york-2,Shinjuku Ramen,https://s3-media2.fl.yelpcdn.com/bphoto/O6Lqei4dt3fRC5AxsVqEpw/o.jpg,False,https://www.yelp.com/biz/shinjuku-ramen-new-york-2?adjust_creative=9BAjizMPYaYyhAnCCDAymA&utm_campaign=yelp_api_v3&utm_medium=api_v3_business_search&utm_source=9BAjizMPYaYyhAnCCDAymA,93,"[{'alias': 'ramen', 'title': 'Ramen'}]",4.5,"{'latitude': 40.76326, 'longitude': -73.97706}","['pickup', 'delivery']",$$,"{'address1': '58 W 56th St', 'address2': '', 'address3': '', 'city': 'New York', 'zip_code': '10019', 'country': 'US', 'state': 'NY', 'display_address': ['58 W 56th St', 'New York, NY 10019']}",+19173882246,(917) 388-2246,6267.042970653604
23,VtggWCbWjP4-KeEZqS2-RQ,7-doors-down-ramen-co-bloomfield,7 Doors Down Ramen  Co,https://s3-media3.fl.yelpcdn.com/bphoto/mqPXCd-jE068FzedjNG1pQ/o.jpg,False,https://www.yelp.com/biz/7-doors-down-ramen-co-bloomfield?adjust_creative=9BAjizMPYaYyhAnCCDAymA&utm_campaign=yelp_api_v3&utm_medium=api_v3_business_search&utm_source=9BAjizMPYaYyhAnCCDAymA,91,"[{'alias': 'ramen', 'title': 'Ramen'}, {'alias': 'peruvian', 'title': 'Peruvian'}, {'alias': 'tapasmallplates', 'title': 'Tapas/Small Plates'}]",4.5,"{'latitude': 40.7920231, 'longitude': -74.1990587}","['pickup', 'delivery']",$$,"{'address1': '273 Glenwood Ave', 'address2': None, 'address3': '', 'city': 'Bloomfield', 'zip_code': '07003', 'country': 'US', 'state': 'NJ', 'display_address': ['273 Glenwood Ave', 'Bloomfield, NJ 07003']}",+18565439480,(856) 543-9480,20799.008746936906
24,icpLRhJ1jpBX1zBGkt7Xqg,teppen-ramen-new-york-2,Teppen Ramen,https://s3-media1.fl.yelpcdn.com/bphoto/frrduvlt8I9zSYGB_xeBdA/o.jpg,False,https://www.yelp.com/biz/teppen-ramen-new-york-2?adjust_creative=9BAjizMPYaYyhAnCCDAymA&utm_campaign=yelp_api_v3&utm_medium=api_v3_business_search&utm_source=9BAjizMPYaYyhAnCCDAymA,565,"[{'alias': 'ramen', 'title': 'Ramen'}]",4.5,"{'latitude': 40.75929, 'longitude': -73.96879}","['pickup', 'delivery']",$$,"{'address1': '159 E 55th St', 'address2': None, 'address3': '', 'city': 'New York', 'zip_code': '10022', 'country': 'US', 'state': 'NY', 'display_address': ['159 E 55th St', 'New York, NY 10022']}",+12123552974,(212) 355-2974,5879.685309041569
25,C69uTzoWFaIWcpnYf2LbRw,rokc-new-york,ROKC,https://s3-media2.fl.yelpcdn.com/bphoto/KG1VYmIBe2-QwLmL4DJzsg/o.jpg,False,https://www.yelp.com/biz/rokc-new-york?adjust_creative=9BAjizMPYaYyhAnCCDAymA&utm_campaign=yelp_api_v3&utm_medium=api_v3_business_search&utm_source=9BAjizMPYaYyhAnCCDAymA,507,"[{'alias': 'ramen', 'title': 'Ramen'}, {'alias': 'seafood', 'title': 'Seafood'}, {'alias': 'cocktailbars', 'title': 'Cocktail Bars'}]",4.5,"{'latitude': 40.8235051, 'longitude': -73.9522425}","['pickup', 'delivery']",$$,"{'address1': '3452 Broadway', 'address2': '', 'address3': '', 'city': 'New York', 'zip_code': '10031', 'country': 'US', 'state': 'NY', 'display_address': ['3452 Broadway', 'New York, NY 10031']}",+13322178755,(332) 217-8755,13160.681483835877
26,CJaOSBUYSQAJy7p0QVkkrA,menya-and-izakaya-brooklyn-2,Menya & Izakaya,https://s3-media4.fl.yelpcdn.com/bphoto/T71bjckaoAq_TeZHwT7lNw/o.jpg,False,https://www.yelp.com/biz/menya-and-izakaya-brooklyn-2?adjust_creative=9BAjizMPYaYyhAnCCDAymA&utm_campaign=yelp_api_v3&utm_medium=api_v3_business_search&utm_source=9BAjizMPYaYyhAnCCDAymA,75,"[{'alias': 'ramen', 'title': 'Ramen'}, {'alias': 'noodles', 'title': 'Noodles'}]",4.5,"{'latitude': 40.6712, 'longitude': -73.98444}","['restaurant_reservation', 'pickup', 'delivery']",$$,"{'address1': '369 5th Ave', 'address2': None, 'address3': '', 'city': 'Brooklyn', 'zip_code': '11215', 'country': 'US', 'state': 'NY', 'display_address': ['369 5th Ave', 'Brooklyn, NY 11215']}",+13473350629,(347) 335-0629,4006.0246665954305
27,dgU5NoylJVJ5rDZY_PezkA,blackbeard-ramen-cliffside-park-2,Blackbeard Ramen,https://s3-media2.fl.yelpcdn.com/bphoto/9FWAukZk-ZLPUTa0kwcwFg/o.jpg,False,https://www.yelp.com/biz/blackbeard-ramen-cliffside-park-2?adjust_creative=9BAjizMPYaYyhAnCCDAymA&utm_campaign=yelp_api_v3&utm_medium=api_v3_business_search&utm_source=9BAjizMPYaYyhAnCCDAymA,596,"[{'alias': 'ramen', 'title': 'Ramen'}]",4.5,"{'latitude': 40.8243589123235, 'longitude': -73.9876905320009}","['pickup', 'delivery']",$$,"{'address1': '607 Gorge Rd', 'address2': '', 'address3': '', 'city': 'Cliffside Park', 'zip_code': '07010', 'country': 'US', 'state': 'NJ', 'display_address': ['607 Gorge Rd', 'Cliffside Park, NJ 07010']}",+12019438003,(201) 943-8003,13071.81150430615
28,q_ELk5x-d9K05HcAjLYYdg,8-ramen-rockville-centre,8 Ramen,https://s3-media1.fl.yelpcdn.com/bphoto/pYQVuYxW-kx38DtPpxOeew/o.jpg,False,https://www.yelp.com/biz/8-ramen-rockville-centre?adjust_creative=9BAjizMPYaYyhAnCCDAymA&utm_campaign=yelp_api_v3&utm_medium=api_v3_business_search&utm_source=9BAjizMPYaYyhAnCCDAymA,369,"[{'alias': 'ramen', 'title': 'Ramen'}]",4.5,"{'latitude': 40.6555118175218, 'longitude': -73.6454229801893}",['delivery'],$$,"{'address1': '17 S Park Ave', 'address2': '', 'address3': None, 'city': 'Rockville Centre', 'zip_code': '11570', 'country': 'US', 'state': 'NY', 'display_address': ['17 S Park Ave', 'Rockville Centre, NY 11570']}",+15166328288,(516) 632-8288,28720.33186368995
29,_F29-1dkiBmDPSaKQ9_O0Q,hakata-tonton-new-york-7,Hakata Tonton,https://s3-media3.fl.yelpcdn.com/bphoto/b7TR_0gULGWB76o7TD0Bhw/o.jpg,False,https://www.yelp.com/biz/hakata-tonton-new-york-7?adjust_creative=9BAjizMPYaYyhAnCCDAymA&utm_campaign=yelp_api_v3&utm_medium=api_v3_business_search&utm_source=9BAjizMPYaYyhAnCCDAymA,118,"[{'alias': 'japanese', 'title': 'Japanese'}]",4.5,"{'latitude': 40.749981, 'longitude': -73.985719}",[],,"{'address1': '35 W 35th St', 'address2': None, 'address3': None, 'city': 'New York', 'zip_code': '10001', 'country': 'US', 'state': 'NY', 'display_address': ['35 W 35th St', 'New York, NY 10001']}",+19172616536,(917) 261-6536,4812.095133032578
30,xtxcAUvrD4dWHJd0cwvW1A,jeju-noodle-bar-new-york,JeJu Noodle Bar,https://s3-media2.fl.yelpcdn.com/bphoto/grYU8HjlM-6dSTgW27rhAQ/o.jpg,False,https://www.yelp.com/biz/jeju-noodle-bar-new-york?adjust_creative=9BAjizMPYaYyhAnCCDAymA&utm_campaign=yelp_api_v3&utm_medium=api_v3_business_search&utm_source=9BAjizMPYaYyhAnCCDAymA,908,"[{'alias': 'korean', 'title': 'Korean'}, {'alias': 'noodles', 'title': 'Noodles'}, {'alias': 'wine_bars', 'title': 'Wine Bars'}]",4.5,"{'latitude': 40.73304, 'longitude': -74.00734}",['delivery'],$$,"{'address1': '679 Greenwich St', 'address2': '', 'address3': None, 'city': 'New York', 'zip_code': '10014', 'country': 'US', 'state': 'NY', 'display_address': ['679 Greenwich St', 'New York, NY 10014']}",+16466660947,(646) 666-0947,3740.0330856516093
31,BPZfuPvSxCfoppU4lPFm0Q,domodomo-new-york-new-york-4,DOMODOMO - New York,https://s3-media1.fl.yelpcdn.com/bphoto/YX89PDM_-aBCL2USyNyhuw/o.jpg,False,https://www.yelp.com/biz/domodomo-new-york-new-york-4?adjust_creative=9BAjizMPYaYyhAnCCDAymA&utm_campaign=yelp_api_v3&utm_medium=api_v3_business_search&utm_source=9BAjizMPYaYyhAnCCDAymA,1534,"[{'alias': 'japanese', 'title': 'Japanese'}, {'alias': 'sushi', 'title': 'Sushi Bars'}]",4.0,"{'latitude': 40.7280299, 'longitude': -74.00167}",['delivery'],$$$,"{'address1': '140 W Houston St', 'address2': None, 'address3': '', 'city': 'New York', 'zip_code': '10012', 'country': 'US', 'state': 'NY', 'display_address': ['140 W Houston St', 'New York, NY 10012']}",+16467070301,(646) 707-0301,3007.453427808867
32,xYDays-olVw50rdusxW5Rw,wanpaku-brooklyn,Wanpaku,https://s3-media2.fl.yelpcdn.com/bphoto/Z_pVf1pumkLNBAfTBG07cQ/o.jpg,False,https://www.yelp.com/biz/wanpaku-brooklyn?adjust_creative=9BAjizMPYaYyhAnCCDAymA&utm_campaign=yelp_api_v3&utm_medium=api_v3_business_search&utm_source=9BAjizMPYaYyhAnCCDAymA,146,"[{'alias': 'ramen', 'title': 'Ramen'}, {'alias': 'cocktailbars', 'title': 'Cocktail Bars'}, {'alias': 'izakaya', 'title': 'Izakaya'}]",4.0,"{'latitude': 40.72355, 'longitude': -73.95092}","['pickup', 'delivery']",$$,"{'address1': '621 Manhattan Ave', 'address2': '', 'address3': None, 'city': 'Brooklyn', 'zip_code': '11222', 'country': 'US', 'state': 'NY', 'display_address': ['621 Manhattan Ave', 'Brooklyn, NY 11222']}",+17183833139,(718) 383-3139,3011.888174711392
33,QoEopgcby68Pyv1l52yiBg,menya-sandaime-fort-lee,Menya Sandaime,https://s3-media3.fl.yelpcdn.com/bphoto/PKrRikBRmZFjunkQNGQGcg/o.jpg,False,https://www.yelp.com/biz/menya-sandaime-fort-lee?adjust_creative=9BAjizMPYaYyhAnCCDAymA&utm_campaign=yelp_api_v3&utm_medium=api_v3_business_search&utm_source=9BAjizMPYaYyhAnCCDAymA,838,"[{'alias': 'japanese', 'title': 'Japanese'}, {'alias': 'noodles', 'title': 'Noodles'}, {'alias': 'soup', 'title': 'Soup'}]",4.0,"{'latitude': 40.849738, 'longitude': -73.9677057}",['delivery'],$$,"{'address1': '1638 Parker Ave', 'address2': '', 'address3': '', 'city': 'Fort Lee', 'zip_code': '07024', 'country': 'US', 'state': 'NJ', 'display_address': ['1638 Parker Ave', 'Fort Lee, NJ 07024']}",+12014824141,(201) 482-4141,15903.612397743676
34,eyqVOLoOLrqZ98_QhdPXqg,ramen-danbo-brooklyn,Ramen Danbo,https://s3-media3.fl.yelpcdn.com/bphoto/uIimmgGWdCE_KXOHRQ04Tg/o.jpg,False,https://www.yelp.com/biz/ramen-danbo-brooklyn?adjust_creative=9BAjizMPYaYyhAnCCDAymA&utm_campaign=yelp_api_v3&utm_medium=api_v3_business_search&utm_source=9BAjizMPYaYyhAnCCDAymA,479,"[{'alias': 'ramen', 'title': 'Ramen'}, {'alias': 'noodles', 'title': 'Noodles'}]",4.0,"{'latitude': 40.6761199579391, 'longitude': -73.9745199680328}","['pickup', 'delivery']",$$,"{'address1': '52 7th Ave', 'address2': '', 'address3': None, 'city': 'Brooklyn', 'zip_code': '11217', 'country': 'US', 'state': 'NY', 'display_address': ['52 7th Ave', 'Brooklyn, NY 11217']}",,,3453.7099808984394
35,WLl0nKeWBksVM5SkKKuLpg,tabetomo-new-york,TabeTomo,https://s3-media2.fl.yelpcdn.com/bphoto/MMD4mlqwhBHqB3072ZZ4ag/o.jpg,False,https://www.yelp.com/biz/tabetomo-new-york?adjust_creative=9BAjizMPYaYyhAnCCDAymA&utm_campaign=yelp_api_v3&utm_medium=api_v3_business_search&utm_source=9BAjizMPYaYyhAnCCDAymA,541,"[{'alias': 'ramen', 'title': 'Ramen'}]",4.0,"{'latitude': 40.72694509999999, 'longitude': -73.98316}","['pickup', 'delivery']",$$,"{'address1': '131 Ave A', 'address2': None, 'address3': '', 'city': 'New York', 'zip_code': '10009', 'country': 'US', 'state': 'NY', 'display_address': ['131 Ave A', 'New York, NY 10009']}",+16468506414,(646) 850-6414,2245.376676414131
36,-86K6KX3HlUwkWTWRO3VAQ,kyuramen-flushing-flushing,Kyuramen - Flushing,https://s3-media4.fl.yelpcdn.com/bphoto/uxCQ1yP3vXWYNfwq2gN9sA/o.jpg,False,https://www.yelp.com/biz/kyuramen-flushing-flushing?adjust_creative=9BAjizMPYaYyhAnCCDAymA&utm_campaign=yelp_api_v3&utm_medium=api_v3_business_search&utm_source=9BAjizMPYaYyhAnCCDAymA,1182,"[{'alias': 'ramen', 'title': 'Ramen'}, {'alias': 'burgers', 'title': 'Burgers'}]",4.0,"{'latitude': 40.76051, 'longitude': -73.83339}","['restaurant_reservation', 'pickup', 'delivery']",$$,"{'address1': '133-42 37th Ave', 'address2': None, 'address3': '', 'city': 'Flushing', 'zip_code': '11354', 'country': 'US', 'state': 'NY', 'display_address': ['133-42 37th Ave', 'Flushing, NY 11354']}",+19172852332,(917) 285-2332,13651.328668753667
37,lT-yNq6BW2vonJ9Ik-T5vg,tonchin-brooklyn,Tonchin,https://s3-media4.fl.yelpcdn.com/bphoto/0qLkwJV2778vR_zNoz0ZrQ/o.jpg,False,https://www.yelp.com/biz/tonchin-brooklyn?adjust_creative=9BAjizMPYaYyhAnCCDAymA&utm_campaign=yelp_api_v3&utm_medium=api_v3_business_search&utm_source=9BAjizMPYaYyhAnCCDAymA,50,"[{'alias': 'ramen', 'title': 'Ramen'}]",4.0,"{'latitude': 40.71676616063315, 'longitude': -73.9616957}",[],,"{'address1': '109 N 3rd St', 'address2': '', 'address3': None, 'city': 'Brooklyn', 'zip_code': '11249', 'country': 'US', 'state': 'NY', 'display_address': ['109 N 3rd St', 'Brooklyn, NY 11249']}",+13474575528,(347) 457-5528,1832.519141265957
38,W2Dj_3C2ySoXgg1SaGVj6g,nippon-cha-bayside-2,Nippon Cha,https://s3-media2.fl.yelpcdn.com/bphoto/XvebRdUHNCzGtNxyKF4BLA/o.jpg,False,https://www.yelp.com/biz/nippon-cha-bayside-2?adjust_creative=9BAjizMPYaYyhAnCCDAymA&utm_campaign=yelp_api_v3&utm_medium=api_v3_business_search&utm_source=9BAjizMPYaYyhAnCCDAymA,1030,"[{'alias': 'ramen', 'title': 'Ramen'}, {'alias': 'tea', 'title': 'Tea Rooms'}, {'alias': 'desserts', 'title': 'Desserts'}]",4.0,"{'latitude': 40.76432, 'longitude': -73.77167}","['pickup', 'delivery']",$$,"{'address1': '39-34 Bell Blvd', 'address2': None, 'address3': '', 'city': 'Bayside', 'zip_code': '11361', 'country': 'US', 'state': 'NY', 'display_address': ['39-34 Bell Blvd', 'Bayside, NY 11361']}",+17182290805,(718) 229-0805,18610.17163124337
39,_RHQzitjNROX984qz7RAaA,shaku-ramen-flushing,Shaku Ramen,https://s3-media2.fl.yelpcdn.com/bphoto/iyYgUPAvbpDn5-qpLT5FrQ/o.jpg,False,https://www.yelp.com/biz/shaku-ramen-flushing?adjust_creative=9BAjizMPYaYyhAnCCDAymA&utm_campaign=yelp_api_v3&utm_medium=api_v3_business_search&utm_source=9BAjizMPYaYyhAnCCDAymA,125,"[{'alias': 'ramen', 'title': 'Ramen'}, {'alias': 'noodles', 'title': 'Noodles'}, {'alias': 'comfortfood', 'title': 'Comfort Food'}]",4.0,"{'latitude': 40.7634721, 'longitude': -73.8092242}","['pickup', 'delivery']",$$,"{'address1': '156-30 Northern Blvd', 'address2': '', 'address3': None, 'city': 'Flushing', 'zip_code': '11354', 'country': 'US', 'state': 'NY', 'display_address': ['156-30 Northern Blvd', 'Flushing, NY 11354']}",+13475423171,(347) 542-3171,15637.628472211747
40,TN4RnyqHMSupRFot4Q-_EA,ippudo-westside-new-york,Ippudo Westside,https://s3-media4.fl.yelpcdn.com/bphoto/uQX2gw-z0e3S2Qmt0ZFghA/o.jpg,False,https://www.yelp.com/biz/ippudo-westside-new-york?adjust_creative=9BAjizMPYaYyhAnCCDAymA&utm_campaign=yelp_api_v3&utm_medium=api_v3_business_search&utm_source=9BAjizMPYaYyhAnCCDAymA,4005,"[{'alias': 'ramen', 'title': 'Ramen'}]",4.0,"{'latitude': 40.76344, 'longitude': -73.98661}","['pickup', 'delivery']",$$,"{'address1': '321 W 51st St', 'address2': None, 'address3': '', 'city': 'New York', 'zip_code': '10019', 'country': 'US', 'state': 'NY', 'display_address': ['321 W 51st St', 'New York, NY 10019']}",+12129742500,(212) 974-2500,6314.767408938716
41,e7waIGDxL87Y2GXA-oK2Yw,senshi-ramen-new-york,Senshi Ramen,https://s3-media4.fl.yelpcdn.com/bphoto/KF6Qa1YeFtcLWlODfTUY0Q/o.jpg,False,https://www.yelp.com/biz/senshi-ramen-new-york?adjust_creative=9BAjizMPYaYyhAnCCDAymA&utm_campaign=yelp_api_v3&utm_medium=api_v3_business_search&utm_source=9BAjizMPYaYyhAnCCDAymA,26,"[{'alias': 'ramen', 'title': 'Ramen'}]",4.0,"{'latitude': 40.70426587096305, 'longitude': -74.00971724900641}",[],,"{'address1': '100 Pearl St', 'address2': '', 'address3': None, 'city': 'New York', 'zip_code': '10004', 'country': 'US', 'state': 'NY', 'display_address': ['100 Pearl St', 'New York, NY 10004']}",,,2591.1059996662757
42,JhJLPp6KuBcD3CHCkEKJ_A,cocoron-and-goemon-curry-new-york-2,Cocoron  & Goemon Curry,https://s3-media2.fl.yelpcdn.com/bphoto/hTP2OyCxqduTwaX-XzyF6A/o.jpg,False,https://www.yelp.com/biz/cocoron-and-goemon-curry-new-york-2?adjust_creative=9BAjizMPYaYyhAnCCDAymA&utm_campaign=yelp_api_v3&utm_medium=api_v3_business_search&utm_source=9BAjizMPYaYyhAnCCDAymA,1085,"[{'alias': 'japanese', 'title': 'Japanese'}, {'alias': 'noodles', 'title': 'Noodles'}, {'alias': 'comfortfood', 'title': 'Comfort Food'}]",4.0,"{'latitude': 40.72029996280202, 'longitude': -73.99304888458795}","['pickup', 'delivery']",$$,"{'address1': '16 Delancey St', 'address2': '', 'address3': '', 'city': 'New York', 'zip_code': '10002', 'country': 'US', 'state': 'NY', 'display_address': ['16 Delancey St', 'New York, NY 10002']}",+12124771212,(212) 477-1212,1886.644086432227
43,wob2d43mnUOksdKD51wJ3A,sakai-ramen-staten-island,Sakai Ramen,https://s3-media3.fl.yelpcdn.com/bphoto/b2XZmZKpK_ZNs3p-OxzYcw/o.jpg,False,https://www.yelp.com/biz/sakai-ramen-staten-island?adjust_creative=9BAjizMPYaYyhAnCCDAymA&utm_campaign=yelp_api_v3&utm_medium=api_v3_business_search&utm_source=9BAjizMPYaYyhAnCCDAymA,75,"[{'alias': 'tapasmallplates', 'title': 'Tapas/Small Plates'}, {'alias': 'ramen', 'title': 'Ramen'}, {'alias': 'bubbletea', 'title': 'Bubble Tea'}]",4.0,"{'latitude': 40.623464, 'longitude': -74.148136}","['pickup', 'delivery']",$$,"{'address1': '965 Richmond Ave', 'address2': 'Ste F', 'address3': '', 'city': 'Staten Island', 'zip_code': '10314', 'country': 'US', 'state': 'NY', 'display_address': ['965 Richmond Ave', 'Ste F', 'Staten Island, NY 10314']}",+17185012228,(718) 501-2228,17008.693211882666
44,j-a8HUcsBJXHV2IfF786jw,kogane-ramen-brooklyn-heights-brooklyn,Kogane Ramen-Brooklyn Heights,https://s3-media4.fl.yelpcdn.com/bphoto/_wc8BgeIhncgNYMm5Ndl-w/o.jpg,False,https://www.yelp.com/biz/kogane-ramen-brooklyn-heights-brooklyn?adjust_creative=9BAjizMPYaYyhAnCCDAymA&utm_campaign=yelp_api_v3&utm_medium=api_v3_business_search&utm_source=9BAjizMPYaYyhAnCCDAymA,414,"[{'alias': 'ramen', 'title': 'Ramen'}]",4.0,"{'latitude': 40.698605, 'longitude': -73.992668}","['pickup', 'delivery']",$$,"{'address1': '76 Henry St', 'address2': '', 'address3': '', 'city': 'Brooklyn', 'zip_code': '11201', 'country': 'US', 'state': 'NY', 'display_address': ['76 Henry St', 'Brooklyn, NY 11201']}",+17188752828,(718) 875-2828,1471.7967723116367
45,l7G5tDA96xbA_bx1ZgkOeg,ichiran-midtown-new-york,ICHIRAN Midtown,https://s3-media3.fl.yelpcdn.com/bphoto/HxD_Rn1rSgR_dh19ol2S5Q/o.jpg,False,https://www.yelp.com/biz/ichiran-midtown-new-york?adjust_creative=9BAjizMPYaYyhAnCCDAymA&utm_campaign=yelp_api_v3&utm_medium=api_v3_business_search&utm_source=9BAjizMPYaYyhAnCCDAymA,1243,"[{'alias': 'ramen', 'title': 'Ramen'}, {'alias': 'noodles', 'title': 'Noodles'}, {'alias': 'soup', 'title': 'Soup'}]",4.0,"{'latitude': 40.74839, 'longitude': -73.99062}","['pickup', 'delivery']",$$,"{'address1': '132 W 31st St', 'address2': '', 'address3': None, 'city': 'New York', 'zip_code': '10001', 'country': 'US', 'state': 'NY', 'display_address': ['132 W 31st St', 'New York, NY 10001']}",+12124650701,(212) 465-0701,4704.532398644544
46,OOZgZGmiKocoYRgUOupEcA,karakatta-new-york,karakatta,https://s3-media1.fl.yelpcdn.com/bphoto/pNHvRKs9k7gpsGhvxQvs7A/o.jpg,False,https://www.yelp.com/biz/karakatta-new-york?adjust_creative=9BAjizMPYaYyhAnCCDAymA&utm_campaign=yelp_api_v3&utm_medium=api_v3_business_search&utm_source=9BAjizMPYaYyhAnCCDAymA,284,"[{'alias': 'ramen', 'title': 'Ramen'}]",4.0,"{'latitude': 40.72933, 'longitude': -73.99865}","['pickup', 'delivery']",$$,"{'address1': '230 Thompson St', 'address2': '', 'address3': None, 'city': 'New York', 'zip_code': '10012', 'country': 'US', 'state': 'NY', 'display_address': ['230 Thompson St', 'New York, NY 10012']}",+19172616297,(917) 261-6297,2977.930311438005
47,nhez4xxvwwYIQEN2Vrj9mQ,yuji-ramen-brooklyn-3,YUJI Ramen,https://s3-media1.fl.yelpcdn.com/bphoto/yPJOVShU0HBNqUwYW4xhEA/o.jpg,False,https://www.yelp.com/biz/yuji-ramen-brooklyn-3?adjust_creative=9BAjizMPYaYyhAnCCDAymA&utm_campaign=yelp_api_v3&utm_medium=api_v3_business_search&utm_source=9BAjizMPYaYyhAnCCDAymA,139,"[{'alias': 'ramen', 'title': 'Ramen'}, {'alias': 'noodles', 'title': 'Noodles'}]",4.0,"{'latitude': 40.712527, 'longitude': -73.9487788}",[],$$,"{'address1': '150 Ainslie St', 'address2': '', 'address3': '', 'city': 'Brooklyn', 'zip_code': '11211', 'country': 'US', 'state': 'NY', 'display_address': ['150 Ainslie St', 'Brooklyn, NY 11211']}",,,2636.286168795475
48,44SY464xDHbvOcjDzRbKkQ,ippudo-ny-new-york-7,Ippudo NY,https://s3-media1.fl.yelpcdn.com/bphoto/zF3EgqHCk7zBUwD2B3WTEA/o.jpg,False,https://www.yelp.com/biz/ippudo-ny-new-york-7?adjust_creative=9BAjizMPYaYyhAnCCDAymA&utm_campaign=yelp_api_v3&utm_medium=api_v3_business_search&utm_source=9BAjizMPYaYyhAnCCDAymA,10599,"[{'alias': 'ramen', 'title': 'Ramen'}]",4.0,"{'latitude': 40.73092, 'longitude': -73.99015}","['pickup', 'delivery']",$$,"{'address1': '65 4th Ave', 'address2': '', 'address3': '', 'city': 'New York', 'zip_code': '10003', 'country': 'US', 'state': 'NY', 'display_address': ['65 4th Ave', 'New York, NY 10003']}",+12123880088,(212) 388-0088,2820.7453024396
49,h_yfJkaSnLk2tTrbgr5ZeQ,nori-izakaya-staten-island,Nori izakaya,https://s3-media3.fl.yelpcdn.com/bphoto/izJcsYO5HmRDhr5zJqDuzg/o.jpg,False,https://www.yelp.com/biz/nori-izakaya-staten-island?adjust_creative=9BAjizMPYaYyhAnCCDAymA&utm_campaign=yelp_api_v3&utm_medium=api_v3_business_search&utm_source=9BAjizMPYaYyhAnCCDAymA,9,"[{'alias': 'ramen', 'title': 'Ramen'}, {'alias': 'sushi', 'title': 'Sushi Bars'}]",4.0,"{'latitude': 40.598071886044345, 'longitude': -74.0725816925507}","['pickup', 'delivery']",,"{'address1': '900 Hylan Boulevard Staten', 'address2': None, 'address3': '', 'city': 'Staten Island', 'zip_code': '10305', 'country': 'US', 'state': 'NY', 'display_address': ['900 Hylan Boulevard Staten', 'Staten Island, NY 10305']}",+17188156688,(718) 815-6688,14447.225393686675
